iter	Accuracy	MultiClass
0	0.09077999264	4.016068839
1	0.1332772314	3.958441093
2	0.1790353968	3.866516367
3	0.2174827749	3.812203393
4	0.2598748225	3.739781826
